{"cameraMode":{"drawMode":0,"name":"Shaded","section":"Shading Mode"},"sceneLighting":false,"audioPlay":false,"sceneViewState":{"m_AlwaysRefresh":false,"showFog":true,"showSkybox":false,"showFlares":true,"showImageEffects":true,"showParticleSystems":true,"showVisualEffectGraphs":true,"m_FxEnabled":true},"in2DMode":false,"pivot":{"x":0.55739426612854,"y":1.2071443796157838,"z":0.3947584629058838},"rotation":{"x":-0.09153874218463898,"y":-0.8561261892318726,"z":0.16273272037506104,"w":-0.48186078667640688},"size":2.3120710849761965,"orthographic":false}