{"cameraMode":{"drawMode":0,"name":"Shaded","section":"Shading Mode"},"sceneLighting":false,"audioPlay":false,"sceneViewState":{"m_AlwaysRefresh":false,"showFog":true,"showSkybox":false,"showFlares":true,"showImageEffects":true,"showParticleSystems":true,"showVisualEffectGraphs":true,"m_FxEnabled":true},"in2DMode":false,"pivot":{"x":9.206103324890137,"y":1.2725894451141358,"z":4.460000038146973},"rotation":{"x":0.03573043644428253,"y":-0.9030774235725403,"z":0.07625972479581833,"w":0.42134228348731997},"size":2.9293720722198488,"orthographic":false}